Site,Visites,Trafic Google,TF,KW,RD,DA,Catégorie,Langue,Taux publication (%),Délai (j),Rédaction Ereferer,Soumettre son article,Rédaction par le webmaster,Sitemap
https://monaco-tribune.com/,603 996,19 704,21,7958,2618,49,Immobilier,Français,100,1,153.35€,150€,159.15€,https://www.monaco-tribune.com/sitemap_index.xml
https://www.wikio.com/,11 194,65 672,44,8696,1671,58,Immobilier,Français,100,1,,77€,95.30€,https://www.wikio.com/sitemap_index.xml
https://www.indianhighcaste.com/,4 890,,,,726,1,Immobilier,Français,100,1,6.35€,1€,16.25€,https://www.indianhighcaste.com/sitemap.xml
https://www.bien-dans-ma-ville.fr/,364 717,356 223,50,196686,713,32,Immobilier,Taux de publication: 85%,85,3,93.35€,89€,101.20€,https://www.bien-dans-ma-ville.fr/sitemap.xml
https://articlewaves.com/,6 365,,9,1,627,1,Immobilier,Français,100,1,6.35€,1€,16.25€,https://articlewaves.com/sitemap_index.xml
https://www.findtutorials.com/,5 507,5 735,32,4851,598,33,Immobilier,Français,,,,,159.25€,https://www.findtutorials.com/sitemap_index.xml
https://la-defiscalisation.eu,1 172,100,31,425,490,18,Immobilier,Français,100,1,44.35€,39€,54.25€,https://www.la-defiscalisation.eu/sitemaps.xml
https://www.mediaseine.fr,12 233,68,40,6536,474,42,Immobilier,Taux de publication: 89%,89,5,,,164.25€,https://www.mediaseine.fr/sitemap.xml
https://newsly.fr/,2 696,123,14,1305,451,32,Immobilier,Français,,,970.35€,960€,990.50€,https://newsly.fr/sitemap_index.xml
https://www.cat29.fr/,1 593,3 293,41,2112,415,30,Immobilier,Français,94,2,,71€,86.25€,https://www.cat29.fr/sitemap_index.xml
https://regic.net/,1 515,,8,0,339,59,Immobilier,Français,91,1,7.35€,2€,17.25€,https://regic.net/sitemap_index.xml
https://www.fresc.org,3 248,1 169,16,2762,298,29,Immobilier,Français,90,2,,,96.20€,https://www.fresc.org/sitemap_index.xml
https://blogtopsites.in.net/,1 145,,3,0,268,24,Immobilier,Français,100,1,3.85€,1€,8.63€,https://blogtopsites.in.net/sitemap.xml
https://www.cercll.fr/,1 769,4 135,35,2775,246,28,Immobilier,Français,100,1,47.35€,40€,61.35€,https://www.cercll.fr/sitemaps.xml
https://mapetitemaison.net/,775,79,38,4,223,25,Immobilier,Français,,,30.35€,26€,38.20€,https://mapetitemaison.net/sitemap_index.xml
https://pact-arim.org/,4 631,589,45,395,222,38,Immobilier,Français,100,23,,195€,210.25€,https://www.pact-arim.org/sitemaps.xml
https://t0b.info/,,,8,0,222,24,Immobilier,Français,,,7.35€,2€,17.25€,https://t0b.info/wp-sitemap.xml
https://so-demenagement.fr/,829,41,7,136,201,17,Immobilier,Français,100,2,33.85€,,,https://so-demenagement.fr/sitemap_index.xml
https://www.verymap.net,9 412,37,40,1133,198,17,Immobilier,Français,100,1,69.35€,62€,83.35€,https://www.verymap.net/sitemap_index.xml
https://www.tableau-amortissement.fr,1 319,135,36,1329,198,32,Immobilier,Français,100,1,,,151.25€,https://www.tableau-amortissement.fr/sitemap_index.xml
https://www.investmania.fr,,,,7,194,8,Immobilier,Français,,,,,48.30€,https://investmania.fr/sitemap_index.xml
https://immocompare.org/,5 859,8 432,17,3788,192,27,Immobilier,Français,58,6,205.35€,200€,215.25€,https://immocompare.org/sitemap_index.xml
https://www.gabjo.fr,157,4,34,434,189,54,Immobilier,Français,60,2,56.35€,50€,,https://www.gabjo.fr/wp-sitemap.xml
https://www.immobilierneufconseil.com,10 662,21 045,23,10514,187,23,Immobilier,Français,54,2,226.85€,220€,,https://www.immobilierneufconseil.com/sitemap.xml
https://www.cabinetfontaine.fr/,267,1 171,20,69,172,12,Immobilier,Français,50,1,50.35€,45€,60.25€,https://www.cabinetfontaine.fr/catalog/sitemaps.php
https://ma-compta-active.fr,,,26,26,166,10,Immobilier,Français,100,1,16.35€,12€,24.20€,https://ma-compta-active.fr/sitemap_index.xml
https://mon-diagnostic-immobilier.fr,354,23,31,261,162,12,Immobilier,Français,100,1,14.35€,9€,24.25€,https://www.mon-diagnostic-immobilier.fr/sitemaps.xml
http://www.lemagimmobilier.info,,,16,0,158,7,Immobilier,Français,100,1,14.35€,10€,,https://www.lemagimmobilier.info/sitemap_index.xml
https://www.defoly-immobilier.fr,3 071,5 048,26,678,151,15,Immobilier,Français,,,72.35€,67€,82.25€,https://www.defoly-immobilier.fr/sitemap_index.xml
https://devenir-diagnostiqueur.fr,160,,31,20,140,18,Immobilier,Français,,,15.35€,10€,25.25€,https://www.devenir-diagnostiqueur.fr/sitemaps.xml
https://locama.fr/,2 152,10 368,40,1038,134,14,Immobilier,Français,100,3,,168€,183.25€,https://locama.fr/sitemap_index.xml
https://bati-immobilier.fr,82,15,10,27,129,1,Immobilier,Français,,,13.85€,11€,18.63€,https://bati-immobilier.fr/sitemap_index.xml
https://visions-patrimoine.com/,1 640,2 103,12,879,121,1,Immobilier,Français,,,24.35€,19€,34.25€,https://visions-patrimoine.com/sitemap_index.xml
http://sansagenceimmo.fr,,,8,0,109,10,Immobilier,Français,,,13.35€,10€,19.15€,https://sansagenceimmo.fr/sitemap_index.xml
https://isolationcombles.fr,2 194,70,48,1638,104,20,Immobilier,Français,100,1,155.35€,150€,,https://isolationcombles.fr/sitemap_index.xml
https://agence-immobiliere-france.fr/,5 453,507,36,8551,99,16,Immobilier,Français,100,4,39.35€,36€,45.15€,https://agence-immobiliere-france.fr/sitemap.xml
http://comptafinance.fr,,,7,,89,12,Immobilier,Français,,,13.35€,10€,19.15€,https://comptafinance.fr/sitemap_index.xml
http://conseilentreprisefinance.fr,,,8,10,83,7,Immobilier,Français,,,13.35€,10€,19.15€,https://conseilentreprisefinance.fr/sitemap_index.xml
http://pilotagebudget.fr,180,,7,0,83,7,Immobilier,Français,100,2,13.35€,10€,19.15€,https://pilotagebudget.fr/sitemap_index.xml
http://solution-finance.fr,,,8,1,82,8,Immobilier,Français,,,13.35€,10€,19.15€,https://solution-finance.fr/sitemap_index.xml
http://solutionsfinancieres.fr,,,9,4,76,7,Immobilier,Français,,,13.35€,10€,19.15€,https://solutionsfinancieres.fr/sitemap_index.xml
https://fiscalite-lmnp.fr,4,,25,185,73,12,Immobilier,Français,100,9,,,101.50€,https://fiscalite-lmnp.fr/sitemap_index.xml
https://epargnez-facile.net,,,16,1,72,16,Immobilier,Français,,,16.70€,10€,28.30€,http://epargnez-facile.net/sitemap_index.xml
http://financesentreprise.fr,2,,8,13,72,6,Immobilier,Français,,,13.35€,10€,19.15€,https://financesentreprise.fr/sitemap_index.xml
https://comment-financer.fr,555,,25,51,71,10,Immobilier,Français,100,3,,,101.50€,https://comment-financer.fr/sitemap_index.xml
https://maisonenconstruction.fr,222,,13,1,71,11,Immobilier,Français,100,15,,,101.50€,https://maisonenconstruction.fr/sitemap_index.xml
http://entreprise-financiere.fr,,,7,4,71,7,Immobilier,Français,,,13.35€,10€,19.15€,https://entreprise-financiere.fr/sitemap_index.xml
https://finance-bilan.fr/,,,7,4,71,6,Immobilier,Français,,,13.35€,10€,19.15€,https://finance-bilan.fr/sitemap_index.xml
http://expertfinancespro.fr/,778,4,7,250,69,6,Immobilier,Français,100,2,13.35€,10€,19.15€,https://expertfinancespro.fr/sitemap_index.xml
http://gestionfinanciereentreprise.fr,266,13,8,37,68,8,Immobilier,Français,100,2,13.35€,10€,19.15€,https://gestionfinanciereentreprise.fr/sitemap_index.xml
http://projets-financiers.fr,,,7,1,68,7,Immobilier,Français,,,13.35€,10€,19.15€,https://projets-financiers.fr/sitemap_index.xml
http://conseil-financier-pro.fr,,,8,6,64,8,Immobilier,Français,,,13.35€,10€,19.15€,https://conseil-financier-pro.fr/sitemap_index.xml
https://les-cameras.fr,246,18,16,179,63,12,Immobilier,Français,100,1,,,101.50€,https://les-cameras.fr/sitemap_index.xml
https://www.astussimo.com/,,,20,30,58,13,Immobilier,Français,,,46.35€,40€,,https://www.astussimo.com/sitemap.xml
https://amenagement-renovation-habitat.fr,3,,11,97,57,12,Immobilier,Français,95,3,12.35€,10€,16.10€,https://amenagement-renovation-habitat.fr/sitemap_index.xml
https://www.bourgognehotels.fr/,301,,20,0,47,20,Immobilier,Français,,,44.35€,40€,52.20€,https://www.bourgognehotels.fr/sitemap_index.xml
https://zoomassurance.fr,1 403,126,16,2407,46,16,Immobilier,Français,100,1,41.70€,26€,71.75€,https://zoomassurance.fr/sitemap_index.xml
https://diag.expert,761,130,,416,44,1,Immobilier,Français,,,,180€,195.25€,https://diag.expert/sitemap_index.xml
https://placements-toulouse.fr,20,1,15,168,39,8,Immobilier,Français,,,30.35€,20€,50.50€,https://placements-toulouse.fr/wp-sitemap.xml
https://investova.fr/,37,,12,0,39,11,Immobilier,Français,33,3,17.35€,12€,,https://investova.fr/sitemap_index.xml
https://www.leclub90.com/,214,6,17,42,38,12,Immobilier,Français,,,26.35€,20€,,https://www.leclub90.com/sitemap.xml
https://louer-appartement.xyz,,,23,1,37,10,Immobilier,Français,,,14.35€,9€,24.25€,https://www.louer-appartement.xyz/sitemaps.xml
https://www.wellingtonhomeimprovements.com,1 322,776,3,278,37,1,Immobilier,Français,,,21.35€,13€,37.40€,https://www.wellingtonhomeimprovements.com/sitemap_index.xml
https://lecroisic-location.com,,,40,0,36,19,Immobilier,Français,100,1,8.35€,5€,14.15€,https://lecroisic-location.com/sitemap.xml
https://www.victoire-immobilier.fr/,,,28,1,36,10,Immobilier,Français,100,3,45.35€,,,https://www.victoire-immobilier.fr/sitemap.xml
https://artmazia.fr/,,,12,0,34,9,Immobilier,Français,100,1,14.35€,9€,24.25€,https://artmazia.fr/wp-sitemap.xml
https://estimationterrain.com,3 708,1 085,31,669,32,11,Immobilier,Français,,,36.35€,31€,46.25€,https://estimationterrain.com/sitemap_index.xml
https://bycommute.fr/,13 668,18 307,18,4175,32,22,Immobilier,Français,,,166.35€,160€,178.30€,https://www.bycommute.fr/sitemap_index.xml
https://velcan.fr/,52,,6,20,31,20,Immobilier,Français,100,1,7.35€,2€,17.25€,https://velcan.fr/wp-sitemap.xml
https://www.gps-patrimoine.fr/,250,2,14,106,29,9,Immobilier,Français,,,25.35€,20€,35.25€,https://www.gps-patrimoine.fr/sitemap.xml
https://ritterimmobilier.fr/,1 307,472,,403,26,1,Immobilier,Français,,,,118€,133.25€,https://ritterimmobilier.fr/sitemap_index.xml
https://batirenov74.com/,293,,17,22,26,11,Immobilier,Français,100,7,17.35€,12€,27.25€,https://batirenov74.com/wp-sitemap.xml
https://www.automatisation-lcd.fr/,94,,13,83,24,12,Immobilier,Français,100,13,13.35€,,19.15€,https://www.automatisation-lcd.fr/sitemap_index.xml
https://www.izos.fr,2,,13,13,22,8,Immobilier,Français,100,1,16.35€,12€,24.20€,https://www.izos.fr/sitemap_index.xml
https://www.cap-infos.net/,,,11,0,22,17,Immobilier,Français,,,22.35€,,,https://uvvwkhnuynvwuiugqxjm.supabase.co/functions/v1/news-sitemap
https://www.blog-news.fr,,,-,1,21,48,Immobilier,Français,,,17.85€,10€,32.88€,https://www.blog-news.fr/sitemaps.xml
http://pub-immo-news.com,,,-,0,17,13,Immobilier,Français,,,13.35€,10€,,http://pub-immo-news.com/sitemap.xml
https://france-h24.com/,,,20,1,17,53,Immobilier,Français,,,13.35€,8€,23.25€,http://www.france-h24.com/sitemap_index.xml
https://dnaparteners.com/,,,,2,16,2,Immobilier,Français,,,10.35€,5€,20.25€,https://dnaparteners.com/sitemap_index.xml
https://my-tinykitchen.myshopify.com/,,,3,1,13,5,Immobilier,Français,50,3,15.35€,9€,27.30€,https://my-tinykitchen.myshopify.com/sitemap.xml
https://maisondelacampagne.com/,214,,-,76,3,11,Immobilier,Français,100,1,16.70€,10€,28.30€,https://www.maisondelacampagne.com/sitemap_index.xml
https://fonciris.fr,2 743,87,,293,3,1,Immobilier,Français,100,1,18.85€,15€,25.68€,https://fonciris.fr/sitemap.xml
https://saqib.overblog.fr/,,,,,0,40,Immobilier,Français,100,1,4.35€,1€,10.15€,https://saqib.overblog.fr/sitemap-news.xml
